Total population,,Black or African American,American Indian and Alaska Native,Asian,Two or more races,Hispanic (of any other races or races)
4933692,,3.571828156,1.064740158,2.964048019,1.179299397,2.945076426
5119598,,4.382844122,1.055883685,3.523675101,1.496894873,3.935113655
5310903,,5.132272233,1.049821471,4.086084796,1.881977509,4.74151006
5489594,,5.776929951,1.067528856,4.820192532,2.114364013,5.177322767